ticker_short,ticker_full,name,INDUSTRY_SECTOR,INDUSTRY_GROUP,px last,CRNCY,type
ABRD,ABRD.ME,ABRAU-DURSO PJSC,"Consumer, Non-cyclical",Beverages,81,RUB,C
AESL,AESL.ME,TORGOVO PROMYSLENNAA GRUPPA,"Consumer, Cyclical",Home Furnishings,75,RUB,C
AFKS,AFKS.ME,SISTEMA PJSC FC,Communications,Telecommunications,23.355,RUB,C
AFLT,AFLT.ME,AEROFLOT PJSC,"Consumer, Cyclical",Airlines,85.14,RUB,C
AKRN,AKRN.ME,ACRON PJSC,Basic Materials,Chemicals,3550,RUB,C
ALBK,ALBK.ME,BEST EFFORTS BANK PJSC,Financial,Banks,20.5,RUB,C
ALNU,ALNU.ME,ALROSA-NYURBA PJSC,Basic Materials,Mining,137000,RUB,C
ALRS,ALRS.ME,ALROSA PJSC,Basic Materials,Mining,71.28,RUB,C
AMEZ,AMEZ.ME,ASHINSKIY METALLURGICAL WORK,Basic Materials,Iron/Steel,3.18,RUB,C
APTK,APTK.ME,PHARMACY CHAIN 36.6 PJSC,"Consumer, Non-cyclical",Pharmaceuticals,11.69,RUB,C
AQUA,AQUA.ME,RUSSIAN AQUACULTURE PJSC,"Consumer, Non-cyclical",Food,34.6,RUB,C
ARSA,ARSA.ME,ARSAGERA JSC,Financial,Diversified Finan Serv,2.17,RUB,C
ASSB,ASSB.ME,ASTRAKHAN POWER SALE CO PAO,Utilities,Electric,0.38,RUB,C
AVAN,AVAN.ME,AVANGARD BANK PJSC,Financial,Banks,348,RUB,C
AVAZ,AVAZ.ME,AVTOVAZ PJSC,"Consumer, Cyclical",Auto Manufacturers,8.01,RUB,C
AVAZP,AVAZP.ME,AVTOVAZ,"Consumer, Cyclical",Auto Manufacturers,3.695,RUB,P
BANE,BANE.ME,BASHNEFT PJSC,Energy,Oil&Gas,3050.5,RUB,C
BANEP,BANEP.ME,BASHNEFT PAO -PREF,Energy,Oil&Gas,1904,RUB,P
BISV,BISV.ME,BASHINFORMSVYAZ PJSC,Communications,Telecommunications,8.7,RUB,C
BISVP,BISVP.ME,BASHINFORMSVYAZ-CLS-PFD,Communications,Telecommunications,4.27,RUB,P
BLNG,BLNG.ME,BELON OJSC,Energy,Coal,4.38,RUB,C
BRZL,BRZL.ME,BURYATZOLOTO PJSC,Basic Materials,Mining,1310,RUB,C
BSPB,BSPB.ME,BANK ST PETERSBURG PJSC,Financial,Banks,57.5,RUB,C
CBOM,CBOM.ME,CREDIT BANK OF MOSCOW PJSC,Financial,Banks,3.94,RUB,C
CHEP,CHEP.ME,CHELPIPE OJSC,Industrial,Metal Fabricate/Hardware,73.4,RUB,C
CHGZ,CHGZ.ME,CHERNOGORNEFT PAO,Energy,Oil&Gas,26.2,RUB,C
CHKZ,CHKZ.ME,CHELYABINSK FORGE&PRESS-BRD,"Consumer, Cyclical",Auto Parts&Equipment,1910,RUB,C
CHMF,CHMF.ME,SEVERSTAL PJSC,Basic Materials,Iron/Steel,769.5,RUB,C
CHMK,CHMK.ME,CHELYABINSK METALLURGICAL PL,Basic Materials,Iron/Steel,3300,RUB,C
CHZN,CHZN.ME,CHELYABINSK ZINC PLANT JSC,Basic Materials,Mining,408,RUB,C
CLSB,CLSB.ME,CHELYABINSK POWER SALE PAO,Utilities,Electric,0.1075,RUB,C
CLSBP,CLSBP.ME,CHELYABENERGOSBYT OAO-PREF,Utilities,Electric,0.098,RUB,P
CNTL,CNTL.ME,CENTRAL TELEGRAPH PJSC,Communications,Telecommunications,21.8,RUB,C
CNTLP,CNTLP.ME,CENTRAL TELEGRAPH-PFD-CLS,Communications,Telecommunications,6.2,RUB,P
DASB,DASB.ME,DAGESTAN ENERGY SUPPLY CO PA,Utilities,Electric,0.478,RUB,C
DGBZ,DGBZ.ME,DOROGOBUZH PJSC,Basic Materials,Chemicals,39.8,RUB,C
DIOD,DIOD.ME,DIOD OJSC,"Consumer, Non-cyclical",Pharmaceuticals,3.67,RUB,C
DIXY,DIXY.ME,DIXY GROUP PJSC,"Consumer, Non-cyclical",Food,324.8,RUB,C
DVEC,DVEC.ME,FAR-EASTERN ENERGY CO PJSC,Utilities,Electric,0.605,RUB,C
DZRD,DZRD.ME,DONSKOY FACTORY OF RADIODETA,Technology,Semiconductors,1800,RUB,C
DZRDP,DZRDP.ME,DONSKOY ZAVOD RADIODETAL-PFD,Technology,Semiconductors,1400,RUB,P
ELTZ,ELTZ.ME,ELECTROZINC OJSC-CLS,Basic Materials,Mining,598,RUB,C
ENRU,ENRU.ME,ENEL RUSSIA PJSC,Utilities,Electric,0.82,RUB,C
EPLN,EPLN.ME,EUROPLAN PJSC,"Consumer, Non-cyclical",Commercial Services,632,RUB,C
ERCO,ERCO.ME,RUSSIAN ELECTRIC POWER-CLS,"Consumer, Non-cyclical",Commercial Services,#N/A N/A,RUB,C
FEES,FEES.ME,FEDERAL GRID CO UNIFIED ENER,Utilities,Electric,0.15735,RUB,C
FESH,FESH.ME,FAR EASTERN SHIPPING CO PLC,Industrial,Transportation,1.705,RUB,C
FORTP,FORTP.ME,FORT OJSC-PREF,Financial,Real Estate,10.35,RUB,P
GAZA,GAZA.ME,GAZ OJSC,"Consumer, Cyclical",Auto Manufacturers,423,RUB,C
GAZAP,GAZAP.ME,GAZ OJSC,"Consumer, Cyclical",Auto Manufacturers,374,RUB,P
GAZC,GAZC.ME,GAZKON PJSC,Financial,Investment Companies,293,RUB,C
GAZP,GAZP.ME,GAZPROM PJSC,Energy,Oil&Gas,134.19,RUB,C
GAZS,GAZS.ME,GAZ-SERVICE PJSC,Financial,Investment Companies,293,RUB,C
GAZT,GAZT.ME,GAZ-TEK PJSC,Utilities,Gas,111.5,RUB,C
GCHE,GCHE.ME,CHERKIZOVO GROUP PJSC,"Consumer, Non-cyclical",Food,847,RUB,C
GMKN,GMKN.ME,MMC NORILSK NICKEL PJSC,Basic Materials,Mining,9640,RUB,C
GRAZ,GRAZ.ME,RAZGULAY GROUP PJSC,"Consumer, Non-cyclical",Agriculture,3.92,RUB,C
GRNT,GRNT.ME,UTS PJSC,"Consumer, Non-cyclical",Commercial Services,1.17,RUB,C
GTPR,GTPR.ME,GLAVTORGPRODUCT JSC,"Consumer, Non-cyclical",Food,1.6,RUB,C
GTSS,GTSS.ME,GEOTECH SEISMIC SERVICES PJS,Energy,Oil&Gas Services,#N/A N/A,RUB,C
HALS,HALS.ME,HALS-DEVELOPMENT PJSC,Financial,Real Estate,1400,RUB,C
HIMC,HIMC.ME,KHIMPROM PJSC,Basic Materials,Chemicals,0.99,RUB,C
HIMCP,HIMCP.ME,KHIMPROM CHEBOKSARY-PFD-CLS,Basic Materials,Chemicals,1.915,RUB,P
HMBO,HMBO.ME,KHANTY-MANSIYSK BANK OTKRITI,Financial,Banks,#N/A N/A,RUB,C
HYDR,HYDR.ME,RUSHYDRO PJSC,Utilities,Electric,0.7,RUB,C
IDVP,IDVP.ME,INVEST-DEVELOPMENT PJSC,Financial,Diversified Finan Serv,8200,RUB,C
IGST,IGST.ME,IZHSTAL-CLS,Basic Materials,Iron/Steel,745,RUB,C
IGST03,IGST03.ME,IZHSTAL-CLS,Basic Materials,Iron/Steel,#N/A N/A,RUB,C
IGSTP,IGSTP.ME,IZHSTAL-CLS PFD,Basic Materials,Iron/Steel,357,RUB,P
IRAO,IRAO.ME,INTER RAO UES PJSC,Utilities,Electric,2.6,RUB,C
IRGZ,IRGZ.ME,IRKUTSKENERGO PJSC,Utilities,Electric,14.35,RUB,C
IRKT,IRKT.ME,IRKUT CORP PJSC,Industrial,Aerospace/Defense,9.28,RUB,C
ISKJ,ISKJ.ME,HUMAN STEM CELLS INSTITUTE P,"Consumer, Non-cyclical",Biotechnology,19.65,RUB,C
JNOS,JNOS.ME,YAROSLAVNEFTEORGSINTEZ,Energy,Oil&Gas,25.3,RUB,C
JNOSP,JNOSP.ME,YAROSLAVNEFTEORGSINTEZ-PFD,Energy,Oil&Gas,19,RUB,P
KAZT,KAZT.ME,KUIBYSHEVAZOT OJSC,Basic Materials,Chemicals,86.9,RUB,C
KAZTP,KAZTP.ME,KUIBYSHEVAZOT-PFD-CLS,Basic Materials,Chemicals,85.9,RUB,P
KBSB,KBSB.ME,KUBAN ENERGY RETAIL CO,Utilities,Electric,162,RUB,C
KBTK,KBTK.ME,KUZBASSKAYA TOPLIVNAYA CO,Energy,Coal,61.8,RUB,C
KCHE,KCHE.ME,KAMCHATSKENERGO PJSC,Utilities,Electric,0.0885,RUB,C
KCHEP,KCHEP.ME,KAMCHATSKENERGO-CLS-PFD,Utilities,Electric,0.096,RUB,P
KGKC,KGKC.ME,KURGANSKAYA GENERIRUYUSHCHAY,Energy,Energy-Alternate Sources,45.9,RUB,C
KGKCP,KGKCP.ME,KURGANSKAYA GENERIRUYUSHCHAY,Energy,Energy-Alternate Sources,52.4,RUB,P
KLSB,KLSB.ME,KALUGA POWER SALE CO OJSC,Utilities,Electric,23,RUB,C
KMAZ,KMAZ.ME,KAMAZ PJSC,"Consumer, Cyclical",Auto Manufacturers,34.95,RUB,C
KMEZ,KMEZ.ME,KOVROVSKIY MEKHANIC,Industrial,Miscellaneous Manufactur,360,RUB,C
KMTZ,KMTZ.ME,KOSAYA GORA IRON WORKS PJSC,Basic Materials,Iron/Steel,#N/A N/A,RUB,C
KOGK,KOGK.ME,KORSHYNOV MINING PLANT OJSC,Basic Materials,Iron/Steel,32000,RUB,C
KRKN,KRKN.ME,SARATOVSKIY NEFTEPERERABATYV,Energy,Oil&Gas,9800,RUB,C
KRKNP,KRKNP.ME,SARATOVSKY NEFTE ZAVOD-PREF,Energy,Oil&Gas,12050,RUB,P
KRKO,KRKO.ME,KRASNYI KOTELSCHIK TKZ PAO,Industrial,Machinery-Diversified,11.8,RUB,C
KRKOP,KRKOP.ME,KRASNY KOTELSCHIK-US-PREF,Industrial,Machinery-Diversified,2.08,RUB,P
KROT,KROT.ME,KRASNYJ OCTYABR CO,"Consumer, Non-cyclical",Food,170.5,RUB,C
KROTP,KROTP.ME,KRASNYJ OCTYABR-PFD-CLS,"Consumer, Non-cyclical",Food,102.5,RUB,P
KRSB,KRSB.ME,KRASNOYARSKENERGOSBYT PAO,Utilities,Electric,3.92,RUB,C
KRSBP,KRSBP.ME,KRASNOYARSKENERGOSBYT-CLS,Utilities,Electric,3.91,RUB,P
KRSG,KRSG.ME,KRASNOYARSK HPP PJSC,Utilities,Electric,78.9,RUB,C
KSGR,KSGR.ME,KOKS,Basic Materials,Iron/Steel,#N/A N/A,RUB,C
KTSB,KTSB.ME,KOSTROMA RETAIL CO PJSC,Utilities,Electric,0.977,RUB,C
KTSBP,KTSBP.ME,KOSTROMA RETAIL COMPANY-PFD,Utilities,Electric,0.471,RUB,P
KUBE,KUBE.ME,KUBANENERGO PJSC,Utilities,Electric,74.2,RUB,C
KUNF,KUNF.ME,KUZOCM,Basic Materials,Mining,#N/A N/A,RUB,C
KUZB,KUZB.ME,KUZNETSKIY BANK PAO,Financial,Banks,0.0165,RUB,C
KZMS,KZMS.ME,KRASNOKAMSK METAL MESH WORKS,Industrial,Metal Fabricate/Hardware,226,RUB,C
KZOS,KZOS.ME,ORGANICHESKY SINTEZ PJSC,Basic Materials,Chemicals,40,RUB,C
KZOSP,KZOSP.ME,KAZANORGSINTEZ-BRD-PFD,Basic Materials,Chemicals,4.27,RUB,P
LIFE,LIFE.ME,PHARMSYNTHEZ PJSC,"Consumer, Non-cyclical",Pharmaceuticals,15.75,RUB,C
LKOH,LKOH.ME,LUKOIL PJSC,Energy,Oil&Gas,2759.5,RUB,C
LNZL,LNZL.ME,LENZOLOTO PJSC,Basic Materials,Mining,7870,RUB,C
LNZLP,LNZLP.ME,LENZOLOTO-PFD,Basic Materials,Mining,4400,RUB,P
LPSB,LPSB.ME,LIPETSK ENERGY RETAIL CO,Utilities,Electric,3.55,RUB,C
LSNG,LSNG.ME,LENENERGO PJSC,Utilities,Electric,4.24,RUB,C
LSNGP,LSNGP.ME,LENENERGO-PFD-CLS,Utilities,Electric,32,RUB,P
LSRG,LSRG.ME,LSR GROUP PJSC,Financial,Real Estate,883.5,RUB,C
LVHK,LVHK.ME,LEVENGUK OJSC,"Consumer, Non-cyclical",Commercial Services,7.5,RUB,C
MAGE,MAGE.ME,MAGADANENERGO PAO,Utilities,Electric,3.27,RUB,C
MAGEP,MAGEP.ME,MAGADANENERGO-PFD,Utilities,Electric,2.86,RUB,P
MAGN,MAGN.ME,MAGNITOGORSK IRON & STEEL,Basic Materials,Iron/Steel,29.41,RUB,C
MERF,MERF.ME,MERIDIAN FUND PAO,Financial,Real Estate,5.6,RUB,C
MFGS,MFGS.ME,SLAVNEFT-MEGIONNEFTEGAZ OJSC,Energy,Oil&Gas,495,RUB,C
MFGSP,MFGSP.ME,SLAVNEFT-MEGIONNEFT-CLS-PFD,Energy,Oil&Gas,430,RUB,P
MFON,MFON.ME,MEGAFON PJSC,Communications,Telecommunications,664,RUB,C
MGNT,MGNT.ME,MAGNIT PJSC,"Consumer, Non-cyclical",Food,10317,RUB,C
MGNZ,MGNZ.ME,SOLIKAMSK MAGNESIUM PLANT OJ,Basic Materials,Mining,3940,RUB,C
MGTS,MGTS.ME,MOSCOW CITY TELEPHONE PJSC,Communications,Telecommunications,803,RUB,C
MGTSP,MGTSP.ME,MGTS-PFD-CLS,Communications,Telecommunications,770,RUB,P
MISB,MISB.ME,MARIENERGOSBYT PJSC,Utilities,Electric,4.75,RUB,C
MISBP,MISBP.ME,MARIENERGOSBYT OAO - PREF $,Utilities,Electric,4.36,RUB,P
MMBM,MMBM.ME,BANK OF MOSCOW PJSC,Financial,Banks,576,RUB,C
MNFD,MNFD.ME,MN-FUND PJSC,"Consumer, Non-cyclical",Commercial Services,#N/A N/A,RUB,C
MOBB,MOBB.ME,MOSKOVSKII OBLASTNOI BANK PJ,Financial,Banks,5.5,RUB,C
MOEX,MOEX.ME,MOSCOW EXCHANGE MICEX-RTS PJ,Financial,Diversified Finan Serv,111.49,RUB,C
MORI,MORI.ME,MORION PJSC,Communications,Telecommunications,3.77,RUB,C
MOTZ,MOTZ.ME,MOTOVILIHINSKIE ZAVODY PAO,Industrial,Miscellaneous Manufactur,4,RUB,C
MRKC,MRKC.ME,INTERREGIONAL DISTRIBUTION G,Utilities,Electric,0.271,RUB,C
MRKK,MRKK.ME,INTERREGIONAL DISTRIBUTION,Utilities,Electric,16.5,RUB,C
MRKP,MRKP.ME,INTERREGIONAL DISTRIBUTION G,Utilities,Electric,0.0933,RUB,C
MRKS,MRKS.ME,INTERREGIONAL DISTRIBUTION G,Utilities,Electric,0.058,RUB,C
MRKU,MRKU.ME,IDGC OF URALS,Utilities,Electric,0.157,RUB,C
MRKV,MRKV.ME,IDGC OF VOLGA,Utilities,Electric,0.0395,RUB,C
MRKY,MRKY.ME,MRSK YUGA PJSC,Utilities,Electric,0.0453,RUB,C
MRKZ,MRKZ.ME,INTERREGIONAL DISTRIBUTION N,Utilities,Electric,0.047,RUB,C
MRSB,MRSB.ME,MORDOVIA ENERGY RETAIL CO PA,Utilities,Electric,0.229,RUB,C
MSNG,MSNG.ME,MOSENERGO PJSC,Utilities,Electric,1.6715,RUB,C
MSRS,MSRS.ME,MOSCOW UNITED ELECTRIC GRID,Utilities,Electric,0.912,RUB,C
MSST,MSST.ME,MULTISISTEMA OOO,"Consumer, Non-cyclical",Commercial Services,14,RUB,C
MSTT,MSTT.ME,MOSTOTREST PJSC,Industrial,Engineering&Construction,86.8,RUB,C
MTLR,MTLR.ME,MECHEL PJSC,Basic Materials,Iron/Steel,55.99,RUB,C
MTLRP,MTLRP.ME,MECHEL-PREF,Basic Materials,Iron/Steel,36.72,RUB,P
MTSS,MTSS.ME,MOBILE TELESYSTEMS PJSC,Communications,Telecommunications,245.6,RUB,C
MUGS,MUGS.ME,MURMANSKAYA CHPP PJSC,Utilities,Electric,0.96,RUB,C
MUGSP,MUGSP.ME,MURMANSKAYA CHPP-PFD-CLS,Utilities,Electric,0.374,RUB,P
MVID,MVID.ME,M VIDEO PJSC,"Consumer, Cyclical",Retail,312.3,RUB,C
NAUK,NAUK.ME,NPO NAUKA MOSKVA-RTS BOARD $,Industrial,Aerospace/Defense,170,RUB,C
NFAZ,NFAZ.ME,NEFTEKAMSKY AVTOZAVOD PJSC,"Consumer, Cyclical",Auto Manufacturers,61,RUB,C
NKHP,NKHP.ME,NOVOROSSYISK GRAIN PLANT PJS,"Consumer, Non-cyclical",Commercial Services,281,RUB,C
NKNC,NKNC.ME,NIZHNEKAMSKNEFTEKHIM PJSC,Basic Materials,Chemicals,55.4,RUB,C
NKNCP,NKNCP.ME,NIZHNEKAMSKNEFTEKHIM-PFD-CLS,Basic Materials,Chemicals,30.8,RUB,P
NKSH,NKSH.ME,NIZHNEKAMSKSHINA PJSC,"Consumer, Cyclical",Auto Parts&Equipment,9.2,RUB,C
NLMK,NLMK.ME,NOVOLIPETSK STEEL PJSC,Basic Materials,Iron/Steel,93.12,RUB,C
NMTP,NMTP.ME,NOVOROSSIYSK COMMERCIAL SEA,Industrial,Transportation,4.29,RUB,C
NNSB,NNSB.ME,TNS ENERGO NN PJSC,Utilities,Electric,1015,RUB,C
NNSBP,NNSBP.ME,NIZHNY NOVGOROD RETAIL CO,Utilities,Electric,984,RUB,P
NPOF,NPOF.ME,NPO FIZIKA-CLS,Industrial,Aerospace/Defense,11850,RUB,C
NSVZ,NSVZ.ME,NAUKA-SVYAZ,Communications,Telecommunications,262,RUB,C
NVTK,NVTK.ME,NOVATEK OJSC,Energy,Oil&Gas,641.1,RUB,C
ODVA,ODVA.ME,MEDIAHOLDING PJSC,Communications,Media,0.23,RUB,C
OFCB,OFCB.ME,BANK OTKRITIE FINANCIAL CORP,Financial,Banks,1400,RUB,C
OGKB,OGKB.ME,OGK-2 PJSC,Utilities,Electric,0.326,RUB,C
OMSH,OMSH.ME,OMSKSHINA PAO,"Consumer, Cyclical",Auto Parts&Equipment,451,RUB,C
OMZZP,OMZZP.ME,UNITED HEAVY MACHIN-PFD-CLS,Industrial,Machinery-Diversified,2010,RUB,P
OPIN,OPIN.ME,OPEN INVESTMENTS PJSC,Financial,Real Estate,215,RUB,C
OSMP,OSMP.ME,OSTANKINSKY MEAT-PROCESS,"Consumer, Non-cyclical",Food,36.2,RUB,C
OTCP,OTCP.ME,OTCPHARM PJSC,"Consumer, Non-cyclical",Pharmaceuticals,175,RUB,C
PAZA,PAZA.ME,PAVLOVO BUS JSC,"Consumer, Cyclical",Auto Manufacturers,429,RUB,C
PHOR,PHOR.ME,PHOSAGRO PJSC,Basic Materials,Chemicals,2714,RUB,C
PHST,PHST.ME,PHARMSTANDARD PJSC,"Consumer, Non-cyclical",Pharmaceuticals,999,RUB,C
PIKK,PIKK.ME,PIK GROUP PJSC,Financial,Real Estate,250.4,RUB,C
PLSM,PLSM.ME,PLAZMEK PJSC,"Consumer, Non-cyclical",Healthcare-Products,0.449,RUB,C
PLZL,PLZL.ME,POLYUS PJSC,Basic Materials,Mining,4659,RUB,C
PMSB,PMSB.ME,PERMENERGOSBYT PJSC,Utilities,Electric,48,RUB,C
PMSBP,PMSBP.ME,PERMENERGOSBYT,Utilities,Electric,47.5,RUB,P
POLY,POLY.ME,POLYMETAL INTERNATIONAL PLC,Basic Materials,Mining,992,RUB,C
PRFN,PRFN.ME,CHELYABINSKIY ZAVOD PROFILIR,Basic Materials,Iron/Steel,3.675,RUB,C
PRIM,PRIM.ME,PRIMORSK SHIPPING CORP,Industrial,Transportation,1.02,RUB,C
PRMB,PRMB.ME,PRIMORIE BANK OJSC,Financial,Banks,5590,RUB,C
PRTK,PRTK.ME,PROTEK PJSC,"Consumer, Cyclical",Retail,83.9,RUB,C
PSBR,PSBR.ME,PROMSVYAZBANK OAO-CLS,Financial,Banks,0.0664,RUB,C
RASP,RASP.ME,RASPADSKAYA OJSC,Energy,Coal,33.75,RUB,C
RBCM,RBCM.ME,RBC PJSC,Communications,Internet,5.25,RUB,C
RDRB,RDRB.ME,ROSDORBANK,Financial,Banks,158.5,RUB,C
RGSS,RGSS.ME,ROSGOSSTRAKH PJSC,Financial,Insurance,0.39,RUB,C
RKKE,RKKE.ME,RSC ENERGIA OJSC,Industrial,Aerospace/Defense,3110,RUB,C
RLMN,RLMN.ME,ROLLMAN GROUP PAO,Basic Materials,Chemicals,142,RUB,C
RLMNP,RLMNP.ME,ROLLMAN GROUP,Basic Materials,Chemicals,93.2,RUB,P
RODNP,RODNP.ME,RODINA-PREFERENCE,"Consumer, Non-cyclical",Agriculture,28.4,RUB,P
ROLO,ROLO.ME,RUSOLOVO PJSC,Basic Materials,Iron/Steel,4.01,RUB,C
ROSB,ROSB.ME,ROSBANK PJSC,Financial,Banks,44.9,RUB,C
ROSN,ROSN.ME,ROSNEFT PJSC,Energy,Oil&Gas,318.1,RUB,C
ROST,ROST.ME,ROSINTER RESTAURANTS HOLDING,"Consumer, Cyclical",Retail,58,RUB,C
RSTI,RSTI.ME,ROSSETI PJSC,Utilities,Electric,0.8442,RUB,C
RSTIP,RSTIP.ME,RUSSIAN GRIDS OAO-CLS,Utilities,Electric,1.613,RUB,P
RTGZ,RTGZ.ME,ROSTOVOBLGAZ PJSC,Utilities,Gas,11650,RUB,C
RTKM,RTKM.ME,ROSTELECOM PJSC,Communications,Telecommunications,84.84,RUB,C
RTKMP,RTKMP.ME,ROSTELECOM-PREF,Communications,Telecommunications,64.25,RUB,P
RTSB,RTSB.ME,TNS ENERGO ROSTOV-ON-DON PJS,Utilities,Electric,0.32,RUB,C
RTSBP,RTSBP.ME,ENERGOSBYT ROSTOVENERGO,Utilities,Electric,0.33,RUB,P
RUAL,RUAL.ME,UNITED CO RUSAL PLC,Basic Materials,Mining,22.11,RUB,C
RUGR,RUGR.ME,RUSGRAIN HOLDING OAO,"Consumer, Non-cyclical",Agriculture,14,RUB,C
RUSI,RUSI.ME,IC RUSS-INVEST PJSC,Financial,Investment Companies,25,RUB,C
RUSP,RUSP.ME,RUSPOLIMET OJSC,Basic Materials,Mining,0.464,RUB,C
RZSB,RZSB.ME,RYAZAN ENERGY RETAIL CO PJSC,Utilities,Electric,2.28,RUB,C
SAGO,SAGO.ME,SAMARAENERGO PJSC,Utilities,Electric,0.2,RUB,C
SAGOP,SAGOP.ME,SAMARAENERGO-PFD-CLS,Utilities,Electric,0.193,RUB,P
SARE,SARE.ME,SARATOVENERGO PJSC,Utilities,Electric,0.1495,RUB,C
SAREP,SAREP.ME,SARATOVENERGO JSC-PFD,Utilities,Electric,0.1185,RUB,P
SBER,SBER.ME,SBERBANK OF RUSSIA PJSC,Financial,Banks,135,RUB,C
SBERP,SBERP.ME,SBERBANK-PREFERENCE,Financial,Banks,96.29,RUB,P
SELG,SELG.ME,SELIGDAR PJSC,Basic Materials,Mining,8,RUB,C
SELGP,SELGP.ME,SELIGDAR-BRD,Basic Materials,Mining,12.8,RUB,P
SELL,SELL.ME,SELESTRA OJSC,Basic Materials,Forest Products&Paper,582,RUB,C
SIBG,SIBG.ME,SIBERIAN GOSTINEC,"Consumer, Non-cyclical",Food,1.92,RUB,C
SIBN,SIBN.ME,GAZPROM NEFT PJSC,Energy,Oil&Gas,165.65,RUB,C
SKYC,SKYC.ME,SKYCOMPUTING OAO,"Consumer, Non-cyclical",Commercial Services,5.03,RUB,C
SNGS,SNGS.ME,SURGUTNEFTEGAS OJSC,Energy,Oil&Gas,30.2,RUB,C
SNGSP,SNGSP.ME,SURGUTNEFTEGAS-PREFERENCE,Energy,Oil&Gas,31.43,RUB,P
STSB,STSB.ME,STAVROPOLENERGOSBYT PJSC,Utilities,Electric,0.299,RUB,C
STSBP,STSBP.ME,STAVROPOLENERGOSBYT-CLS,Utilities,Electric,0.17,RUB,P
SVAV,SVAV.ME,SOLLERS PJSC,"Consumer, Cyclical",Auto Manufacturers,436,RUB,C
SYNG,SYNG.ME,SYNERGY PJSC,"Consumer, Non-cyclical",Beverages,437,RUB,C
SZPR,SZPR.ME,NORTH WESTERN SHIPPING-CLS,Industrial,Transportation,279,RUB,C
TANL,TANL.ME,TANTAL PJSC,Diversified,Holding Companies-Divers,47.1,RUB,C
TANLP,TANLP.ME,TANTAL-PFD-CLS,Diversified,Holding Companies-Divers,#N/A N/A,RUB,P
TASB,TASB.ME,TAMBOV ENERGY RETAIL CO PJSC,Utilities,Electric,0.135,RUB,C
TASBP,TASBP.ME,TAMBOV ENERGY RETAIL CO-PREF,Utilities,Electric,0.141,RUB,P
TATN,TATN.ME,TATNEFT PJSC,Energy,Oil&Gas,314.3,RUB,C
TATNP,TATNP.ME,TATNEFT-PREF 3 SERIES,Energy,Oil&Gas,169.4,RUB,P
TGKA,TGKA.ME,TGC-1 PJSC,Utilities,Electric,0.007025,RUB,C
TGKB,TGKB.ME,TGC-2 OJSC,Utilities,Electric,0.00172,RUB,C
TGKBP,TGKBP.ME,TGC-2 -PFD,Utilities,Electric,0.00389,RUB,P
TGKD,TGKD.ME,QUADRA POWER GENERATION PJSC,Utilities,Electric,0.00278,RUB,C
TGKDP,TGKDP.ME,QUADRA POWER GENERATION-PFD,Utilities,Electric,0.00268,RUB,P
TGKN,TGKN.ME,TGK-14 PJSC,Utilities,Electric,0.00271,RUB,C
TNSE,TNSE.ME,TNS ENERGOS PJSC,Utilities,Electric,1820,RUB,C
TORS,TORS.ME,TOMSK DISTRIBUTION CO PJSC,Utilities,Electric,0.389,RUB,C
TORSP,TORSP.ME,TOMSK DISTRIBUTION-PFD,Utilities,Electric,0.38,RUB,P
TRCN,TRCN.ME,TRANSCONTAINER PJSC,Industrial,Transportation,3110,RUB,C
TRMK,TRMK.ME,TMK PJSC,Industrial,Metal Fabricate/Hardware,45.75,RUB,C
TRNFP,TRNFP.ME,AK TRANSNEFT OJSC-PREF,Energy,Pipelines,160100,RUB,P
TTLK,TTLK.ME,TATTELECOM PJSC,Communications,Telecommunications,0.147,RUB,C
TUCH,TUCH.ME,TUCHKOVSKY KSM PAO,"Consumer, Non-cyclical",Commercial Services,2.4,RUB,C
TUZA,TUZA.ME,TUIMAZINSKIY ZAVOD AVTOBENZO,Industrial,Machinery-Constr&Mining,305.5,RUB,C
UCSS,UCSS.ME,UNITED CREDIT SYSTEMS PJSC,Financial,Investment Companies,1070,RUB,C
UKUZ,UKUZ.ME,SOUTHERN KUZBASS PJSC,Energy,Coal,795,RUB,C
UNAC,UNAC.ME,UNITED AIRCRAFT CORP PJSC,Industrial,Aerospace/Defense,0.4805,RUB,C
UNKL,UNKL.ME,UUZHURALNIKEL,Basic Materials,Mining,1680,RUB,C
UPRO,UPRO.ME,UNIPRO PJSC,Utilities,Electric,2.773,RUB,C
URFD,URFD.ME,URF ASSETS MANAGEMENT CORP P,Financial,Diversified Finan Serv,5.1,RUB,C
URKA,URKA.ME,URALKALI PJSC,Basic Materials,Chemicals,183.15,RUB,C
URKZ,URKZ.ME,URALSKAYA KUZNITSA OAO-BRD,Basic Materials,Iron/Steel,4600,RUB,C
USBN,USBN.ME,URALSIB BANK PJSC,Financial,Banks,0.0828,RUB,C
UTAR,UTAR.ME,UTAIR AVIATION PJSC,"Consumer, Cyclical",Airlines,8.37,RUB,C
UWGN,UWGN.ME,UNITED WAGON CO PJSC,Industrial,Miscellaneous Manufactur,750,RUB,C
VDSB,VDSB.ME,VLADIMIR ENERGY RETAIL CO PJ,Utilities,Electric,11.4,RUB,C
VGSB,VGSB.ME,VOLGOGRAD ENERGOSBYT PJSC,Utilities,Electric,1.31,RUB,C
VGSBP,VGSBP.ME,VOLGOGRAD ENERGOSBYT-PFD,Utilities,Electric,1.375,RUB,P
VJGZ,VJGZ.ME,VARYEGANNEFTEGAZ PJSC,Energy,Oil&Gas,661,RUB,C
VJGZP,VJGZP.ME,VAREGANNEFTEGAZ-PFD,Energy,Oil&Gas,380,RUB,P
VLHZ,VLHZ.ME,VLADIMIR CHEMICAL PLANT PJSC,Basic Materials,Chemicals,130,RUB,C
VRAO,VRAO.ME,RAO ENERGY SYSTEM OF EAST,Utilities,Electric,0.35,RUB,C
VRAOP,VRAOP.ME,RAO ENERGY SYSTEM-PRD,Utilities,Electric,0.218,RUB,P
VRSB,VRSB.ME,TNS ENERGO VORONEZH PJSC,Utilities,Electric,23,RUB,C
VRSBP,VRSBP.ME,VORONEZH ENERGY RETAIL-CLS,Utilities,Electric,25.65,RUB,P
VSMO,VSMO.ME,VSMPO-AVISMA CORP PJSC,Industrial,Metal Fabricate/Hardware,12370,RUB,C
VSYD,VSYD.ME,VYBORG SHIPYARD JSC,Industrial,Shipbuilding,3320,RUB,C
VSYDP,VSYDP.ME,VYBORG SHIPYARD-PFD,Industrial,Shipbuilding,12000,RUB,P
VTBR,VTBR.ME,VTB BANK PJSC,Financial,Banks,0.06713,RUB,C
VTGK,VTGK.ME,T PLUS PJSC,Utilities,Electric,0.518,RUB,C
VTRS,VTRS.ME,VTORRESOURCE PJSC,Industrial,Environmental Control,2.06,RUB,C
VZRZ,VZRZ.ME,BANK VOZROZHDENIE PJSC,Financial,Banks,645,RUB,C
VZRZP,VZRZP.ME,VOZROZHDENIE BANK-PFD,Financial,Banks,144,RUB,P
WTCM,WTCM.ME,WORLD TRADE CENTER MOSCOW,Financial,Real Estate,9.7,RUB,C
WTCMP,WTCMP.ME,WORLD TRADE CENTER MOSCOW PJ,Financial,Real Estate,6.63,RUB,P
YAKG,YAKG.ME,YAKUTSK FUEL-ENERGY CO OJSC,Energy,Oil&Gas,15.1,RUB,C
YKEN,YKEN.ME,YAKUTSKENERGO OJSC,Utilities,Electric,0.333,RUB,C
YKENP,YKENP.ME,YAKUTSKENERGO-PFD,Utilities,Electric,0.383,RUB,P
YNDX,YNDX.ME,YANDEX NV-A,Communications,Internet,1411,RUB,C
YRSB,YRSB.ME,TNS ENERGO YAROSAVL PJSC,Utilities,Electric,110,RUB,C
YRSBP,YRSBP.ME,YAROSLAVL RETAIL CO-PFD-CLS,Utilities,Electric,75,RUB,P
ZHIV,ZHIV.ME,ZHIVOY OFFICE OJSC,"Consumer, Cyclical",Retail,9.9,RUB,C
ZILL,ZILL.ME,LIKHACHEV PLANT PJSC,"Consumer, Cyclical",Auto Manufacturers,1310,RUB,C
ZMZN,ZMZN.ME,ZAWOLZHSKY MOTORNY ZAWOD PJS,Industrial,Machinery-Diversified,32.6,RUB,C
ZMZNP,ZMZNP.ME,ZAVOLZHSKY ENGINE-PFD-BRD,Industrial,Machinery-Diversified,16,RUB,P
ZVEZ,ZVEZ.ME,ZVEZDA PJSC,"Consumer, Cyclical",Auto Parts&Equipment,1.4,RUB,C
